Team,name,Role,Resolution,Aspect Ratio,Scaling Mode
G2 Esports,HeavyGod,Rifler,1920x1080,16:09,Native
G2 Esports,huNter,Rifler,1350x1080,5:04,Stretched
G2 Esports,m0NESY,Sniper,1280x960,4:03,Stretched
G2 Esports,Snax,Rifler,1280x768,5:03,Stretched
G2 Esports,malbsMd,Rifler,1280x960,4:03,Stretched
Natus Vincere,iM,Rifler,1280x960,4:03,Stretched
Natus Vincere,Aleksib,Rifler,1440x1080,4:03,Stretched
Natus Vincere,b1t,Rifler,1280x960,4:03,Stretched
Natus Vincere,jL,Rifler,1280x960,4:03,Stretched
Natus Vincere,s1mple,Sniper,1280x960,4:03,Stretched
Natus Vincere,w0nderful,Sniper,1280x960,4:03,Stretched
ENCE,Kylar,Rifler,1920x1080,16:09,Native
ENCE,gla1ve,Rifler,1280x960,4:03,Stretched
ENCE,podi,Sniper,1280x960,4:03,Stretched
ENCE,xKacpersky,Rifler,1920x1080,16:09,Native
ENCE,Neityu,Rifler,1280x1024,5:04,Stretched
ENCE,sdy,Rifler,1920x1080,16:09,Native
Team Spirit,magixx,Rifler,1920x1080,16:09,Native
Team Spirit,zont1x,Rifler,1024x768,4:03,Stretched
Team Spirit,chopper,Rifler,1024x768,4:03,Black Bars
Team Spirit,sh1ro,Sniper,1024x768,4:03,Black Bars
Team Spirit,donk,Rifler,1280x960,4:03,Stretched
MOUZ,Brollan,Rifler,1280x960,4:03,Stretched
MOUZ,xertioN,Rifler,1920x1080,16:09,Native
MOUZ,Jimpphat,Rifler,1280x960,4:03,Stretched
MOUZ,Spinx,Rifler,1280x960,4:03,Stretched
MOUZ,torzsi,Rifler,1280x960,4:03,Stretched
FaZe Clan,Frozen,Rifler,1280x960,4:03,Stretched
FaZe Clan,olofmeister,Rifler,1440x1080,4:03,Stretched
FaZe Clan,EliGE,Rifler,1680x1050,16:10,Stretched
FaZe Clan,karrigan,Rifler,1280x960,4:03,Stretched
FaZe Clan,broky,Sniper,1280x960,4:03,Stretched
FaZe Clan,rain,Rifler,1280x960,4:03,Stretched
Team Vitality,ropz,Rifler,1920x1080,16:09,Native
Team Vitality,apEX,Rifler,1280x960,4:03,Stretched
Team Vitality,mezii,Rifler,1280x1024,5:04,Stretched
Team Vitality,flameZ,Rifler,1280x960,4:03,Stretched
Team Vitality,ZywOo,Sniper,1280x960,4:03,Stretched
Complexity,cxzi,Rifler,1024x768,4:03,Stretched
Complexity,nicx,Rifler,1680x1050,16:10,Stretched
Complexity,JT,Rifler,1280x960,4:03,Stretched
Complexity,hallzerk,Sniper,1024x768,4:03,No Scaling
Complexity,Grim,Rifler,1280x960,4:03,Black Bars
Monte,ryu,Rifler,1280x960,4:03,Stretched
Monte,Gizmy,Rifler,1280x960,4:03,Stretched
Monte,DemQQ,Rifler,1280x960,4:03,Stretched
Monte,KEi,Rifler,1680x1050,16:10,Stretched
Monte,dycha,Rifler,1280x960,4:03,Black Bars
Monte,hades,Sniper,1280x960,4:03,Stretched
Monte,leen,Rifler,1280x960,4:03,Stretched
Astralis,stavn,Rifler,1152x864,4:03,Black Bars
Astralis,jabbi,Rifler,1280x960,4:03,Stretched
Astralis,Staehr,Rifler,1280x960,4:03,Stretched
Astralis,cadiaN,Sniper,1280x960,4:03,Stretched
Astralis,device,Sniper,1280x960,4:03,Stretched
Virtus.pro,fame,Rifler,1280x960,4:03,Stretched
Virtus.pro,electronic,Rifler,1440x1080,4:03,Stretched
Virtus.pro,FL1T,Rifler,1280x960,4:03,Stretched
Virtus.pro,FL4MUS,Rifler,1280x1024,5:04,Stretched
Virtus.pro,n0rb3r7,Rifler,1280x800,16:10,Stretched
Virtus.pro,ICY,Sniper,1280x960,4:03,Stretched
Cloud9,Perfecto,Rifler,1280x960,4:03,Stretched
Team Liquid,NAF,Rifler,1280x960,4:03,Stretched
Team Liquid,Nertz,Rifler,1280x960,4:03,Stretched
Team Liquid,YEKINDAR,Rifler,1280x960,4:03,Stretched
Team Liquid,Twistzz,Rifler,1280x960,4:03,Stretched
Team Liquid,jks,Rifler,1920x1080,16:09,Native
Team Liquid,ultimate,Sniper,1280x960,4:03,Stretched
Fnatic,matys,Rifler,1152x864,5:04,Black Bars
Fnatic,KRIMZ,Rifler,1280x960,4:03,Stretched
Fnatic,Burmylov,,1280x960,4:03,Stretched
Fnatic,blameF,Rifler,1280x960,4:03,Stretched
Fnatic,fear,Rifler,1280x960,4:03,Stretched
Fnatic,afro,Sniper,1600x900,16:09,Native
GamerLegion,sl3nd,Sniper,1280x1024,5:04,Stretched
GamerLegion,REZ,Rifler,1280x960,4:03,Stretched
GamerLegion,PR,Rifler,,,
GamerLegion,Tauson,Rifler,1024x768,4:03,Stretched
GamerLegion,ztr,Rifler,1024x768,4:03,Stretched
GamerLegion,volt,Rifler,1280x960,4:03,Stretched
BIG,prosus,Rifler,1280x960,4:03,Stretched
BIG,hyped,Sniper,1280x960,4:03,Stretched
BIG,JDC,Rifler,1920x1080,16:09,Native
BIG,Krimbo,Rifler,1280x960,4:03,Stretched
BIG,kyuubii,Rifler,1280x960,4:03,Stretched
BIG,tabseN,Rifler,1680x1050,16:10,Stretched
Eternal Fire,imoRR,Sniper,1280x960,4:03,Stretched
Eternal Fire,XANTARES,Rifler,1024x768,4:03,Stretched
Eternal Fire,jottAAA,Rifler,1280x960,4:03,Stretched
Eternal Fire,Wicadia,Rifler,1280x960,4:03,Stretched
Eternal Fire,MAJ3R,"Rifler, In-game Leader",1280x960,4:03,Stretched
Eternal Fire,woxic,Sniper,1280x960,4:03,Stretched
BetBoom Team,Boombl4,Rifler,1280x960,4:03,Stretched
BetBoom Team,Ax1Le,Rifler,1280x960,4:03,Black Bars
BetBoom Team,zorte,Sniper,1280x960,4:03,Stretched
BetBoom Team,nafany,Rifler,1280x960,4:03,Stretched
BetBoom Team,KaiR0N-,Rifler,1920x1080,16:09,Native
BetBoom Team,Magnojez,Rifler,1920x1080,16:09,Native
BetBoom Team,s1ren,Rifler,1024x768,4:03,Stretched
FURIA,yuurih,Rifler,1920x1080,16:09,Native
FURIA,skullz,Rifler,1440x1080,4:03,Black Bars
FURIA,chelo,Rifler,1280x1024,5:04,Black Bars
FURIA,kscerato,Rifler,1280x960,4:03,Stretched
FURIA,FalleN,Sniper,1280x960,4:03,Stretched
ESC Gaming,Markeloff,,1280x960,4:03,Stretched
ESC Gaming,SaMey,Rifler,,,
ESC Gaming,maaryy,Rifler,1280x960,4:03,Stretched
ESC Gaming,reiko,Rifler,,,
9 Pandas,shalfey,Rifler,1280x960,4:03,Stretched
9 Pandas,d1Ledez,Rifler,1280x960,4:03,Stretched
9 Pandas,Alv,Rifler,,,
9 Pandas,Krad,Rifler,1280x960,4:03,Black Bars
9 Pandas,iDISBALANCE,Sniper,1152x864,4:03,Black Bars
9 Pandas,r3salt,Rifler,1280x960,4:03,Stretched
Preasy,Patti,Rifler,1280x960,4:03,Stretched
MIBR,brnz4n,Rifler,1280x960,4:03,Stretched
MIBR,Lucaozy,Rifler,1280x960,4:03,Stretched
MIBR,insani,Rifler,1280x1024,5:04,Stretched
MIBR,drop,Rifler,1280x960,4:03,Stretched
MIBR,saffee,Sniper,1280x960,4:03,Stretched
MIBR,exit,Rifler,1280x960,4:03,Stretched
Ninjas in Pyjamas,r1nkle,Rifler,1280x960,4:03,Stretched
Ninjas in Pyjamas,MisteM,Rifler,1280x960,4:03,Stretched
Ninjas in Pyjamas,ewjerkz,Rifler,1280x960,4:03,Stretched
Ninjas in Pyjamas,arrozdoce,Rifler,1280x960,4:03,Stretched
Ninjas in Pyjamas,sjuush,Rifler,1440x1080,4:03,Stretched
Ninjas in Pyjamas,Snappi,Rifler,1280x960,4:03,Stretched
Aurora,KENSI,Rifler,1280x960,4:03,Stretched
Aurora,Norwi,Rifler,1024x768,4:03,Stretched
Aurora,clax,Rifler,1920x1080,16:09,Native
Aurora,Patsi,Rifler,1152x864,4:03,Stretched
Aurora,gr1ks,Rifler,1280x960,4:03,Stretched
Aurora,deko,Sniper,1152x864,4:03,Stretched
Lynn Vision,flying,Rifler,1280x960,4:03,Stretched
Lynn Vision,Westmelon,Rifler,1280x960,4:03,Stretched
Lynn Vision,afufu,Rifler,,,
Lynn Vision,EmiliaQAQ,Rifler,1280x960,4:03,Stretched
Lynn Vision,z4kr,Rifler,1280x960,4:03,Stretched
Lynn Vision,Starry,Rifler,1280x960,4:03,Stretched
Lynn Vision,C4LLM3SU3,Rifler,1280x960,4:03,Stretched
9z Team,MartinezSa,Sniper,1280x960,4:03,Stretched
9z Team,dgt,Rifler,1280x960,4:03,Black Bars
9z Team,max,Rifler,1920x1080,16:09,Native
9z Team,HUASOPEEK,Rifler,1280x960,4:03,Stretched
9z Team,Luken,Rifler,1280x960,4:03,Stretched
9z Team,adamS,Rifler,1280x960,4:03,Stretched
9z Team,buda,Rifler,1280x960,4:03,Stretched
9INE,Bambosh,Rifler,,,
9INE,mynio,Rifler,1280x960,4:03,Stretched
9INE,mantuu,Sniper,1280x960,4:03,Stretched
9INE,raalz,Rifler,1024x768,4:03,Black Bars
9INE,refrezh,Rifler,1920x1080,16:09,Native
9INE,bobeksde,Rifler,1280x960,4:03,Stretched
9INE,kraghen,Rifler,1280x960,4:03,Stretched
TropiCaos,lcf,Rifler,1280x960,4:03,Stretched
TropiCaos,CSO,,1920x1080,16:09,Native
TropiCaos,land1n,Sniper,1280x960,4:03,Stretched
TyLoo,aristo,Rifler,1280x960,4:03,Stretched
TyLoo,Mercury,Rifler,1280x960,4:03,Stretched
TyLoo,Moseyuh,Rifler,1280x960,4:03,Stretched
TyLoo,DANK1NG,Sniper,1280x960,4:03,Stretched
TyLoo,aumaN,Rifler,1680x1050,16:10,Stretched
TyLoo,JamYoung,Rifler,1280x960,4:03,Stretched
TyLoo,Jee,Sniper,1280x960,4:03,Stretched
TyLoo,Attacker,Rifler,1024x768,4:03,Stretched
Sashi,kwezz,Rifler,1680x1050,16:10,Stretched
Sashi,Zyphon,Rifler,1280x960,4:03,Stretched
Sashi,Altekz,Rifler,1280x960,4:03,Stretched
Sashi,Lucky,Sniper,1920x1080,16:09,Native
Sashi,Cabbi,Rifler,1280x960,4:03,Stretched
Sashi,MistR,Rifler,1680x1050,16:10,Stretched
Sashi,IceBerg,Rifler,1024x768,4:03,Black Bars
3DMAX,bodyy,Rifler,1280x1024,5:04,Stretched
3DMAX,Maka,Sniper,1280x960,4:03,Stretched
3DMAX,Ex3rcice,Rifler,1280x960,4:03,Stretched
3DMAX,Graviti,Rifler,1280x960,4:03,Stretched
3DMAX,Lucky,Rifler,1280x960,4:03,Stretched
The Mongolz,bLitz,Rifler,1280x1024,5:04,Stretched
The Mongolz,mzinho,Rifler,1280x1024,5:04,Stretched
The Mongolz,Techno4K,Rifler,1280x960,4:03,Stretched
The Mongolz,Senzu,,1440x1080,4:03,Stretched
The Mongolz,910,Rifler,,,
GenOne,JACKZ,Rifler,1024x768,4:03,Stretched
Arcadia,devoduvek,Rifler,1280x800,16:10,Black Bars
Team Spirit Academy,Mokuj1n,Rifler,1280x960,4:03,Stretched
Team Spirit Academy,alkarenn,Sniper,1280x1024,5:04,Stretched
Team Spirit Academy,SYPH0,,1280x960,4:03,Stretched
Team Spirit Academy,robo,Rifler,1024x768,,
Team Spirit Academy,kyousuke,Rifler,1280x960,4:03,Stretched
undefined,steel,Rifler,1280x800,16:10,Stretched
undefined,motm,Rifler,1280x960,4:03,Stretched
undefined,Skadoodle,Sniper,1024x768,4:03,Stretched
Paquetá Gaming,nython,Sniper,1280x1024,5:04,Stretched
BESTIA,luchov,Rifler,1280x960,4:03,Stretched
BESTIA,naz,Rifler,1280x960,4:03,Stretched
BESTIA,tomaszin,Rifler,1024x768,4:03,Black Bars
BESTIA,Noktse,Rifler,1280x960,4:03,Black Bars
BESTIA,leo_drk,Rifler,1280x1024,5:04,Stretched
Dynamo Eclot,Dytor,Rifler,1280x960,4:03,Stretched
Dynamo Eclot,forsyy,Sniper,1280x960,4:03,Stretched
Dynamo Eclot,nbqq,Rifler,,,
Dynamo Eclot,The eLiVe,Rifler,1920x1080,16:09,Native
Pompa Team,h4rn,Sniper,1152x864,4:03,Stretched
FlyQuest,aliStair,Sniper,1280x960,4:03,Stretched
FlyQuest,dexter,Rifler,1280x960,4:03,Stretched
FlyQuest,INS,Rifler,1024x768,4:03,Stretched
FlyQuest,Liazz,Rifler,1280x960,4:03,Stretched
FlyQuest,regali,Sniper,1280x960,4:03,Stretched
FlyQuest,Vexite,Rifler,1024x768,4:03,Stretched
Forward Gaming,mou,Sniper,1024x768,4:03,Black Bars
Forward Gaming,Dosia,Rifler,1920x1080,16:09,Native
w7m esports,t9rnay,,1280x960,4:03,Black Bars
Flamengo Esports,LUCAS1,Rifler,1280x960,4:03,Black Bars
Nakama,Kursy,Rifler,,,
Nakama,Razzmo,Rifler,1280x1024,16:09,Stretched
Twisted Minds,day0s,Sniper,1280x960,4:03,Stretched
Twisted Minds,D0cC,Rifler,1280x960,4:03,Stretched
Wildcard Gaming,Sonic,Rifler,1280x960,4:03,Stretched
Wildcard Gaming,stanislaw,Rifler,1680x1050,16:10,Black Bars
Wildcard Gaming,JBa,Rifler,1280x960,4:03,Stretched
Wildcard Gaming,phzy,Rifler,1280x960,4:03,Stretched
Wildcard Gaming,susp,Rifler,1280x960,4:03,Stretched
M80,dephh,Rifler,,,
M80,maNkz,Rifler,1680x1050,16:10,Black Bars
M80,k1to,Rifler,1280x960,4:03,Stretched
M80,Lake,Rifler,1280x960,4:03,Stretched
M80,Swisher,Rifler,1280x960,4:03,Stretched
M80,slaxz-,Sniper,1024x768,4:03,Black Bars
M80,s1n,Rifler,1440x1080,4:03,Stretched
M80,reck,Rifler,1920x1080,16:09,Native
ALTERNATE aTTaX,PerX,Rifler,1728x1080,16:10,Stretched
ALTERNATE aTTaX,ArroW,Rifler,1440x1080,4:03,Stretched
ALTERNATE aTTaX,awzek,Rifler,1024x768,4:03,Black Bars
ALTERNATE aTTaX,FreeZe,Rifler,1280x960,4:03,Stretched
RED Canids,hardzao,Rifler,1280x960,4:03,Stretched
RED Canids,realzin,Rifler,1280x960,4:03,Stretched
RED Canids,DeStiNy,Rifler,1440x1080,4:03,Black Bars
RED Canids,venomzera,Rifler,1280x1024,5:04,Stretched
RED Canids,coldzera,Rifler,1280x960,4:03,Stretched
RED Canids,HEN1,Sniper,1152x864,4:03,Black Bars
RED Canids,nyezin,Rifler,1280x960,4:03,Stretched
RED Canids,felps,Rifler,1024x768,4:03,Stretched
Websterz,mds,Rifler,1280x960,4:03,Black Bars
IKLA,MICHU,Rifler,1280x960,4:03,Stretched
Invictus Gaming,facecrack,,1280x960,4:03,Stretched
Talon Esports,AZR,Rifler,1024x768,4:03,Black Bars
Talon Esports,mhL,Sniper,1280x960,4:03,Stretched
Talon Esports,ADDICT,Rifler,1280x960,4:03,Stretched
Talon Esports,nettik,Rifler,1280x960,4:03,Stretched
Talon Esports,hazr,Rifler,1680x1050,16:10,Stretched
Nouns Esports,junior,Sniper,1024x768,4:03,Stretched
Nouns Esports,RUSH,Rifler,1280x800,16:10,Stretched
Nouns Esports,Cryptic,Rifler,1680x1050,16:10,Stretched
Nouns Esports,Peeping,Rifler,1600x1024,16:10,Stretched
Nouns Esports,Infinite,Rifler,1024x768,4:03,Black Bars
500,oxygeN,Rifler,,,
500,CeRq,Sniper,1280x960,4:03,Stretched
500,SPELLAN,Rifler,1024x768,4:03,Black Bars
500,SHiPZ,Rifler,1024x768,4:03,Stretched
500,Rainwaker,Rifler,1280x960,4:03,Black Bars
Partizan Esports,VLDN,Rifler,1280x1024,5:04,Stretched
Partizan Esports,Kind0,Rifler,1280x960,4:03,Stretched
Partizan Esports,Dragon,Rifler,1280x960,4:03,Stretched
Partizan Esports,emi,Rifler,1152x864,4:03,Stretched
Partizan Esports,c0llins,Rifler,1280x960,4:03,Stretched
BLUEJAYS,freshie,Rifler,1920x1080,16:09,Native
BLUEJAYS,d4rty,Rifler,1920x1080,16:09,Native
BLUEJAYS,SLIGHT,Sniper,1280x960,4:03,Stretched
BLUEJAYS,Fruitcupx,Rifler,1280x960,4:03,Stretched
BLUEJAYS,Wolffe,Rifler,1920x1080,16:09,Native
KRÜ Esports,atarax1a,Rifler,1280x1024,5:04,Stretched
KRÜ Esports,laser,Rifler,1024x768,4:03,Black Bars
KRÜ Esports,reversive,Rifler,1280x960,4:03,Black Bars
KRÜ Esports,deco,Rifler,1920x1080,16:09,Native
KRÜ Esports,righi,Rifler,1280x960,4:03,Stretched
allStars Gaming,Rock1nG,Rifler,1280x960,4:03,Stretched
O PLANO,TACO,Rifler,1152x864,4:03,Stretched
O PLANO,fnx,Rifler,1280x1024,5:04,Stretched
O PLANO,shz,Rifler,1280x960,4:03,Stretched
O PLANO,kNgV-,Sniper,1280x1024,4:03,Stretched
O PLANO,boltz,Rifler,1280x960,4:03,Stretched
Sangal,Calyx,Rifler,1280x960,4:03,Stretched
Sangal,danistzz,Rifler,1280x960,4:03,Stretched
Sangal,Blytz,Rifler,1280x960,4:03,Stretched
Sangal,kreaz,Rifler,1280x960,4:03,Black Bars
Sangal,bnox,Rifler,1920x1080,16:09,Native
Fluxo,zevy,Sniper,1280x960,4:03,Stretched
Fluxo,kye,Rifler,1280x960,4:03,Stretched
Fluxo,vsm,Rifler,1152x864,4:03,Stretched
Fluxo,piriajr,Rifler,1280x960,4:03,Stretched
Fluxo,arT,Rifler,1280x960,4:03,Stretched
Fluxo,history,Sniper,1280x960,4:03,Stretched
Fluxo,Nicks,Rifler,1280x960,4:03,Stretched
Fluxo,mlhzin,Rifler,1440x1080,4:03,Stretched
JANO Esports,xseveN,Rifler,1680x1050,16:10,Black Bars
JANO Esports,Aerial,Rifler,1280x960,4:03,Black Bars
JANO Esports,HENU,Rifler,1280x960,4:03,Stretched
JANO Esports,juho,,1024x768,4:03,Stretched
JANO Esports,allu,Sniper,1280x960,4:03,Stretched
Rebels Gaming,casey,Rifler,,,
Rebels Gaming,Kisserek,,1152x864,4:03,Stretched
Rebels Gaming,Flayy,Rifler,1280x960,4:03,Stretched
Rebels Gaming,innocent,Rifler,1280x960,4:03,Stretched
Rebels Gaming,Sobol,Rifler,1920x1080,16:09,Native
Rebels Gaming,tomiko,Rifler,1280x960,4:03,Stretched
Rebels Gaming,olimp,Rifler,1440x1080,4:03,Stretched
Corinthians,SHOOWTiMe,Rifler,1280x960,4:03,Stretched
Trident Clan,almazer,Rifler,1280x960,4:03,Stretched
Los Grandes,JOTA,Rifler,1280x960,4:03,Stretched
Steel Helmet,captainMo,Rifler,1920x1080,16:09,Native
The Dice,DEVIL,Rifler,1024x768,4:03,Stretched
Team NKT,Gratisfaction,Sniper,1920x1080,16:09,Native
Anonymo,yvro,Rifler,1280x960,4:03,Stretched
Anonymo,chudy,Rifler,1280x960,4:03,Stretched
Anonymo,Nami,Sniper,1024x768,4:03,Stretched
Anonymo,Enzo,Rifler,1280x960,4:03,Stretched
Anonymo,darchevile,Rifler,1280x960,4:03,Stretched
Rare Atom,Kaze,Sniper,1280x960,4:03,Stretched
Rare Atom,Summer,Rifler,1680x1050,16:10,Stretched
Rare Atom,L1haNg,Rifler,,,
Rare Atom,ChildKing,,1280x960,4:03,Stretched
Rare Atom,expro,Rifler,,,
Rare Atom,somebody,Rifler,1280x960,4:03,Stretched
Enterprise Esports,TOAO,Rifler,1920x1440,16:09,Native
Case Esports,urban0,Rifler,1280x960,4:03,Stretched
Case Esports,bsd,Rifler,1280x960,4:03,Stretched
Case Esports,RICIOLI,Rifler,1280x960,4:03,Stretched
Case Esports,yepz,Rifler,1024x768,4:03,Black Bars
Ambush Esports,suNny,Rifler,1280x960,4:03,Black Bars
UNGENTIUM,GruBy,Rifler,1280x960,4:03,Stretched
Into The Breach,Keoz,Rifler,1280x960,4:03,Stretched
Into The Breach,smooya,Sniper,1024x768,4:03,Stretched
Into The Breach,REDSTAR,Sniper,1280x960,4:03,Black Bars
Into The Breach,rallen,Rifler,1440x1080,4:03,Stretched
Mythic,fl0m,Sniper,2560x1440,16:09,Native
Mythic,Cooper,Rifler,1280x1024,5:04,Stretched
Mythic,Freakazoid,Rifler,1280x960,4:03,Stretched
Mythic,austin,Rifler,1440x1080,4:03,Stretched
Mythic,Trucklover86,Rifler,1920x1080,16:09,Native
EYEBALLERS,HEAP,Rifler,1920x1080,16:09,Native
EYEBALLERS,JW,Sniper,1280x960,4:03,Stretched
EYEBALLERS,Peppzor,Rifler,1280x960,4:03,Stretched
EYEBALLERS,poiii,Rifler,1280x960,4:03,Stretched
Young Ninjas,BluePho3nix,Rifler,1280x960,4:03,Stretched
Young Ninjas,jocab,Rifler,1280x960,4:03,Stretched
Tricked Esport,Valde,Rifler,1920x1080,16:09,Native
Tricked Esport,Queenix,Rifler,1280x960,4:03,Stretched
Tricked Esport,salazar,Rifler,1280x960,4:03,Stretched
Tricked Esport,Nodios,Rifler,1152x864,4:03,Stretched
Tricked Esport,Leakz,Rifler,1280x960,4:03,Stretched
HAVU,uli,,1280x960,4:03,Stretched
Team oNe eSports,trk,Rifler,1280x960,4:03,Stretched
Team oNe eSports,Maluk3,Sniper,1024x768,4:03,Black Bars
Team oNe eSports,xns,Rifler,1152x864,4:03,Stretched
Team oNe eSports,pesadelo,Rifler,1440x1080,4:03,Black Bars
1WIN,buster,Rifler,1920x1080,16:09,Native
1WIN,neaLaN,Rifler,1280x960,4:03,Stretched
1WIN,HObbit,Rifler,1280x960,4:03,Stretched
1WIN,lattykk,Sniper,1280x960,4:03,Stretched
Encore Esports Club,sterling,Sniper,1024x768,4:03,Black Bars
Nordavind,mirbit,Rifler,1920x1080,16:09,Native
Entropiq,mwlky,Rifler,1280x960,4:03,Stretched
Nemiga Gaming,riskyb0b,Rifler,1280x960,4:03,Stretched
Nemiga Gaming,1eer,Rifler,1280x1024,5:04,Stretched
Nemiga Gaming,Xant3r,Rifler,1024x768,4:03,Stretched
Nemiga Gaming,zweih,Rifler,1920x1080,16:09,Native
Nemiga Gaming,khaN,Sniper,1280x960,4:03,Stretched
SAW,story,Sniper,1280x960,4:03,Stretched
SAW,Shr,Rifler,1920x1080,16:09,Native
SAW,rmn,Rifler,1280x960,4:03,Black Bars
SAW,cej0t,Rifler,1280x960,4:03,Stretched
SAW,AZUWU,Rifler,1280x960,4:03,Stretched
SAW,Ag1l,Rifler,1280x960,4:03,Stretched
SAW,MUTiRiS,Rifler,1280x960,4:03,Black Bars
Finest,shokz,Rifler,1280x960,4:03,Stretched
IHC Esports,yAmi,,1280x960,4:03,Stretched
HEROIC,nilo,Rifler,1280x960,4:03,Stretched
HEROIC,maden,Rifler,1280x960,4:03,Stretched
HEROIC,LNZ,Rifler,1024x768,4:03,Stretched
HEROIC,SunPayus,Sniper,1024x768,4:03,Black Bars
HEROIC,tN1R,Rifler,1280x960,4:03,Stretched
HEROIC,xfl0ud,Rifler,1280x960,4:03,Stretched
HEROIC,yxngstxr,Rifler,1280x960,4:03,Stretched
Bad News Eagles,gxx,Sniper,1024x768,4:03,Stretched
Bad News Eagles,rigoN,Rifler,1440x1080,4:03,Stretched
Bad News Eagles,SENER1,Rifler,1280x960,4:03,Stretched
Bad News Eagles,sinnopsyy,Rifler,1280x960,4:03,Stretched
Bad News Eagles,juanflatroo,Rifler,1280x960,4:03,Stretched
Endpoint,Surreal,Rifler,,,
Endpoint,CRUC1AL,Sniper,1280x960,4:03,Stretched
Endpoint,MiGHTYMAX,Rifler,1280x960,4:03,Stretched
GODSENT,RuStY,Rifler,1280x960,4:03,Stretched
GODSENT,MaiL09,Rifler,1280x960,4:03,Stretched
Imperial Esports,try,Sniper,1280x960,4:03,Black Bars
Imperial Esports,noway,Rifler,1280x960,4:03,Stretched
Imperial Esports,decenty,Rifler,1280x960,4:03,Black Bars
Imperial Esports,Chay,Rifler,1920x1080,16:09,Native
Imperial Esports,wastzera,Rifler,1280x960,5:03,Stretched
Imperial Esports,VINI,Rifler,1920x1080,16:09,Native
SINNERS Esports,MoriiSko,Rifler,1280x960,4:03,Stretched
SINNERS Esports,majky,Rifler,1280x960,4:03,Stretched
SINNERS Esports,beastik,Rifler,1024x768,4:03,Stretched
SINNERS Esports,ZEDKO,Rifler,1152x864,4:03,Stretched
SINNERS Esports,Pepo,Rifler,,,
SINNERS Esports,SHOCK,Rifler,1024x768,16:10,Black Bars
Sharks Esports,doc,Rifler,1280x960,4:03,Stretched
Alliance,upE,Rifler,1280x960,4:03,Stretched
Alliance,twist,Rifler,1280x960,4:03,Stretched
Alliance,eraa,Sniper,1280x1024,5:04,Stretched
Alliance,Avid,Rifler,,,
Alliance,PlesseN,Rifler,1024x768,4:03,Stretched
Natus Vincere Jr.,dem0n,Rifler,1280x960,4:03,Stretched
Natus Vincere Jr.,cmtry,Sniper,1024x768,4:03,Stretched
Natus Vincere Jr.,dziugss,Rifler,1280x960,4:03,Stretched
Natus Vincere Jr.,Krabeni,Rifler,1152x864,4:03,Stretched
Natus Vincere Jr.,makazze,Rifler,1280x960,4:03,Stretched
paiN Gaming,snow,Rifler,1280x960,4:03,Stretched
paiN Gaming,biguzera,Rifler,1280x960,4:03,Stretched
paiN Gaming,kauez,Rifler,1280x960,4:03,Stretched
paiN Gaming,dav1deuS,Rifler,1280x960,4:03,Stretched
paiN Gaming,nqz,Sniper,1024x768,4:03,Stretched
Falcons Esports,dupreeh,Rifler,1280x800,16:10,Stretched
Falcons Esports,TeSeS,Rifler,1024x768,4:03,Black Bars
Falcons Esports,kyxsan,Rifler,1152x864,4:03,Stretched
Falcons Esports,degster,Sniper,1280x960,4:03,Stretched
Falcons Esports,NiKo,Rifler,1280x800,16:10,Stretched
Falcons Esports,kennyS,Sniper,1024x768,4:03,Black Bars
Falcons Esports,Magisk,Rifler,1280x960,4:03,Stretched
OG Esports,Buzz,Rifler,1920x1080,16:09,Native
OG Esports,Chr1zN,Rifler,1920x1080,16:09,Native
OG Esports,Thomas,Rifler,1920x1080,16:09,Native
OG Esports,Nexius,Rifler,1280x960,4:03,Stretched
OG Esports,spooke,Rifler,1280x960,4:03,Stretched
OG Esports,F1KU,Rifler,1280x960,4:03,Stretched
OG Esports,MoDo,Rifler,1280x960,4:03,Black Bars
B8 Esports,esenthial,Rifler,1280x960,4:03,Stretched
B8 Esports,npl,Rifler,1280x1024,5:04,Stretched
B8 Esports,kensizor,Rifler,1280x960,4:03,Stretched
B8 Esports,alex666,Rifler,1280x960,4:03,Stretched
B8 Esports,headtr1ck,Sniper,1280x960,4:03,Stretched
NRG,nitr0,Rifler,1680x1050,16:10,Stretched
NRG,br0,Rifler,1280x960,4:03,Stretched
NRG,autimatic,Rifler,1920x1080,16:09,Native
NRG,oSee,Sniper,1920x1080,16:09,Native
NRG,HexT,Rifler,1280x960,4:03,Stretched
NRG,Jeorge,Rifler,1920x1080,16:09,Native
TSM,acoR,Sniper,1280x960,4:03,Stretched
TSM,niko,Rifler,1920x1080,16:09,Native
00Nation,Pimp,Rifler,1920x1080,16:09,Native
forZe,gokushima,Sniper,1728x1080,16:10,Stretched
ECSTATIC,Anlelele,Rifler,1280x960,4:03,Stretched
ECSTATIC,Kristou,Rifler,1024x768,4:03,Black Bars
ECSTATIC,nut nut,Rifler,1280x960,4:03,Stretched
ECSTATIC,n1Xen,Rifler,1280x960,4:03,Stretched
ECSTATIC,sirah,Rifler,1280x960,4:03,Stretched
ECSTATIC,TMB,Rifler,1280x960,4:03,Stretched
MOUZ NXT,xelex,Rifler,,,
AGO,delle,Rifler,,,
AGO,Dementor,,1280x960,4:03,Stretched
JiJieHao,ISSAA,Rifler,1280x960,4:03,Stretched
JiJieHao,Kjaerbye,Rifler,1024x768,4:03,Stretched
JiJieHao,dennyslaw,Rifler,1680x1050,16:10,Black Bars
JiJieHao,Aaron,Rifler,1920x1080,16:09,Native
JiJieHao,Bibu,Rifler,1280x960,4:03,Stretched
JiJieHao,BOROS,Rifler,1280x960,4:03,Stretched
Nexus Gaming,XELLOW,Sniper,1280x960,4:03,Stretched
Nexus Gaming,s0und,Rifler,1280x1024,5:04,Stretched
Metizport,Jackinho,Sniper,1920x1080,16:09,Native
Metizport,L00m1,Sniper,1280x960,4:03,Stretched
Metizport,SHiNE,Rifler,1152x864,4:03,Black Bars
Metizport,adamb,Rifler,,,
Metizport,Plopski,Rifler,1920x1080,16:09,Native
Metizport,hampus,Rifler,1280x800,16:10,Stretched
Metizport,isak,Rifler,1280x960,4:03,Stretched
Legacy,NEKIZ,Rifler,1280x960,4:03,Stretched
Legacy,b4rtiN,Rifler,1280x960,4:03,Stretched
Legacy,saadzin,Rifler,1280x960,4:03,Stretched
Legacy,dumau,Sniper,1280x960,4:03,Stretched
Legacy,n1ssim,Rifler,1920x1080,16:09,Native
Legacy,lux,Rifler,1280x960,4:03,Stretched
Legacy,latto,Rifler,1280x960,4:03,Stretched
PARIVISION,alpha,Rifler,1280x960,4:03,Stretched
PARIVISION,Jerry,Rifler,1024x768,4:03,Stretched
PARIVISION,BELCHONOKK,Rifler,1280x960,4:03,Stretched
PARIVISION,TRAVIS,Rifler,1280x960,4:03,Stretched
PARIVISION,nota,Rifler,1280x960,4:03,Stretched
PARIVISION,Artfr0st,Sniper,1280x960,4:03,Stretched
PARIVISION,Jame,Sniper,1280x960,4:03,Stretched
PARIVISION,Qikert,Rifler,1280x960,4:03,Stretched
Project G,sNx,Rifler,1280x960,4:03,Stretched
Project G,ritchiE,Rifler,1024x768,4:03,Black Bars
Fire Flux Esports,Rip,Rifler,1920x1080,16:09,Native
Fire Flux Esports,S3NSEY,Rifler,1280x960,4:03,Stretched
Fire Flux Esports,Soulfly,Rifler,1280x1024,5:04,Stretched
Fire Flux Esports,paz,Rifler,1280x960,4:03,Stretched
Fire Flux Esports,ScrunK,Rifler,1280x1024,5:04,Stretched
Fire Flux Esports,Banjo,Rifler,1280x960,4:03,Stretched
ODDIK,matios,Rifler,1280x960,4:03,Stretched
ODDIK,naitte,Rifler,1280x960,4:03,Stretched
ODDIK,ponter,Rifler,1920x1080,16:09,Native
ODDIK,togs,Rifler,1280x960,4:03,Stretched
ODDIK,Tuurtle,Rifler,1280x960,4:03,Stretched
ODDIK,pancc,Rifler,1024x768,4:03,Stretched
ODDIK,WOOD7,Rifler,1280x960,4:03,Stretched
Unluko5,Lobanjica,Rifler,1280x960,4:03,Stretched
Meta Gaming,n9xtz,Rifler,1152x864,4:03,Stretched
CYBERSHOKE,sstiNiX,Rifler,1280x1024,5:04,Stretched
CYBERSHOKE,lov1kus,Rifler,1280x960,4:03,Stretched
CYBERSHOKE,glowiing,Rifler,1920x1080,16:09,Native
CYBERSHOKE,FenomeN,Rifler,1280x960,4:03,Stretched
CEPTER,brzer,Rifler,1280x960,4:03,Stretched
AMKAL,NickelBack,Rifler,1280x960,4:03,Stretched
AMKAL,Forester,Rifler,1280x1024,5:04,Black Bars
Party Astronauts,FaNg,Rifler,1280x1024,5:04,Stretched
Party Astronauts,Walco,Rifler,1280x960,4:03,Stretched
Copenhagen Wolves,szejn,Rifler,1280x960,4:03,Stretched
Copenhagen Wolves,aNdu,Rifler,1920x1080,16:09,Native
The Huns Esports,nin9,Sniper,1024x768,4:03,Black Bars
The Huns Esports,Bart4k,Rifler,1280x960,4:03,Stretched
Permitta Esports,morelz,Rifler,1024x768,4:03,Black Bars
Permitta Esports,fostar,Rifler,1152x864,4:03,Black Bars
V1dar Gaming,1mpala,Sniper,1920x1080,16:09,Native
Passion UA,Kvem,Rifler,1280x960,4:03,Stretched
Passion UA,jambo,Sniper,1280x960,4:03,Stretched
Passion UA,Topa,Rifler,1280x960,4:03,Black Bars
Passion UA,zeRRoFIX,Rifler,1280x960,4:03,Stretched
Passion UA,jackasmo,Rifler,1680x1050,16:10,Stretched
GUN5,FinigaN,Rifler,1920x1080,16:09,Native
GUN5,SELLTER,Rifler,1280x1024,5:04,Stretched
GUN5,easy,Rifler,1280x960,4:03,Stretched
GUN5,xiELO,Rifler,1280x960,4:03,Stretched
GUN5,Sdaim,Rifler,1280x1024,5:04,Stretched
GUN5,Lack1,Rifler,1280x960,4:03,Stretched
ATOX Esports,Annihilation,Sniper,1280x960,4:03,Stretched
ATOX Esports,kabal,Rifler,1024x768,4:03,Black Bars
ATOX Esports,dobu,Rifler,1280x960,4:03,Stretched
ATOX Esports,Zesta,Rifler,,,
ATOX Esports,MiQ,Rifler,,,
ATOX Esports,AccuracyTG,Rifler,,,
iNation,andr1x,Rifler,1024x768,4:03,Stretched
iNation,choiv7,Rifler,1024x768,4:03,Stretched
iNation,Impulse,Rifler,1280x960,4:03,Stretched
iNation,DiMKE,Rifler,1280x960,4:03,Black Bars
iNation,illya,Rifler,1280x1024,5:04,Stretched
ALTERNATE aTTaX EVO,devils274,Rifler,1280x1024,5:04,Stretched
ALTERNATE aTTaX EVO,FoG,Rifler,1024x768,4:03,Stretched
Elevate,DARE,Rifler,1280x960,4:03,Stretched
Elevate,shane,Rifler,1440x1080,4:03,Stretched
Elevate,dea,Rifler,1280x960,4:03,Stretched
Elevate,snav,Rifler,1280x960,4:03,Stretched
Revenant Esports,Nivera,Rifler,1024x768,4:03,Stretched
Revenant Esports,lauNX,Rifler,1024x768,4:03,Stretched
Revenant Esports,adeX,Rifler,1280x960,4:03,Stretched
Revenant Esports,NBK-,Rifler,1280x960,4:03,Stretched
Team Space,X5G7V,Rifler,1280x960,4:03,Stretched
Perseverance Gaming,CoJoMo,Rifler,1280x960,4:03,Stretched
BC.Game,anarkez,Sniper,1280x960,4:03,Stretched
BC.Game,Lekr0,Rifler,1280x960,4:03,Stretched
BC.Game,pr1metapz,Rifler,1152x864,4:03,Stretched
BC.Game,jkaem,Rifler,1024x768,4:03,Stretched
BC.Game,nawwk,Sniper,1280x960,4:03,Stretched
BC.Game,nexa,Rifler,1024x768,4:03,Stretched
BC.Game,CYPHER,Rifler,1024x768,4:03,Stretched
BC.Game,CacaNito,Rifler,1280x1024,5:04,Stretched
Onyx Ravens,SIXER,Sniper,1280x960,4:03,Stretched
Vikings KR,honda,Rifler,1280x960,4:03,Stretched
Pera Esports,kory,Rifler,1280x960,4:03,Stretched
Pera Esports,DGL,Sniper,1024x768,4:03,Stretched
Pera Esports,Porya,Rifler,,,
G2 Ares,tAk,Rifler,1280x960,4:03,Stretched
Johnny Speeds,Ro1f,Rifler,1280x1024,5:04,Stretched
Johnny Speeds,Chawzyyy,Rifler,1920x1080,16:09,Native
Johnny Speeds,Draken,Sniper,1280x960,4:03,Stretched
Reason Gaming,bevve,Rifler,1280x960,4:03,Black Bars
brazylijski luz,Qlocuu,Rifler,1280x960,4:03,Black Bars
brazylijski luz,POLO,Sniper,1280x960,4:03,Stretched
brazylijski luz,virtuoso,Rifler,1280x960,4:03,Stretched
500 Rush,Grashog,Rifler,1280x720,16:09,Native
500 Rush,nestee,Rifler,1280x960,4:03,Stretched
FLUFFY AIMERS,MarkE,Rifler,1024x768,4:03,Black Bars
FAVBET,Marix,Rifler,1280x960,4:03,Stretched
FAVBET,bondik,Rifler,1024x768,4:03,Black Bars
Alter Ego,XigN,Rifler,1280x960,4:03,Stretched
Alter Ego,Freeman,Rifler,1280x960,4:03,Stretched
Alter Ego,BnTeT,Rifler,1024x768,4:03,Black Bars
DRILLAS,Woro2k,Sniper,1280x960,4:03,Stretched
DRILLAS,hAdji,Rifler,1280x960,4:03,Black Bars
DRILLAS,meztal,Rifler,1280x960,4:03,Stretched
DRILLAS,ohnepixel,Rifler,1680x1050,16:10,Stretched
9INE Academy,EspiranTo,Rifler,1280x960,4:03,Stretched
Mission Possible,birdfromsky,Rifler,1920x1080,16:09,Native
Mission Possible,aidKiT,Sniper,1024x768,4:03,Stretched
Mission Possible,b0RUP,Rifler,1280x960,4:03,Stretched
Mission Possible,Vegi,Rifler,1280x960,4:03,Stretched
UNiTY ESPORTS,NEOFRAG,Rifler,1280x960,4:03,Stretched
UNiTY ESPORTS,Pechyn,Rifler,,,
UNiTY ESPORTS,Levi,Rifler,,,
UNiTY ESPORTS,K1-FiDa,Rifler,,,
Wu-Tang,Maze,Rifler,1280x960,4:03,Stretched
Zero Tenacity,aVN,Rifler,,,
Zero Tenacity,nEMANHA,Rifler,1280x960,4:03,Stretched
Zero Tenacity,brutmonster,Rifler,1280x960,4:03,Stretched
Zero Tenacity,Cjoffo,Rifler,1280x960,4:03,Stretched
Zero Tenacity,simke,,1280x960,4:03,Stretched
Viperio,swicher,Rifler,1280x960,4:03,Stretched
GR Gaming,7nation,Rifler,,,
GR Gaming,Runnin,Rifler,,,
GR Gaming,mediocrity,Rifler,1280x960,4:03,Stretched
GR Gaming,weqt2,Sniper,1280x960,4:03,Stretched
GR Gaming,SALO_MUX,Rifler,1280x960,4:03,Stretched
Apogee,jcobbb,Rifler,1280x960,4:03,Stretched
WW,Aunkere,Rifler,1024x768,4:03,Black Bars
Denial,nellozz,Rifler,,,
WOPA,sL1m3,Sniper,1280x960,4:03,Stretched
WOPA,PR1mE,,1280x960,4:03,Stretched
WOPA,Gnøffe,Rifler,1280x960,4:03,Stretched
kONO,cptkurtka023,Rifler,1280x960,4:03,Stretched
Bounty Hunters,meyern,Rifler,1280x960,4:03,Black Bars
Bounty Hunters,zock,Rifler,1280x960,4:03,Stretched
Inner Circle,Q-Q,Rifler,1280x960,4:03,Stretched
Inner Circle,kRaSnaL,Rifler,1280x960,4:03,Stretched
Inner Circle,STYKO,Rifler,1920x1080,16:09,Native
Inner Circle,oskar,Sniper,1024x768,4:03,Stretched
Inner Circle,Fessor,Rifler,1280x960,4:03,Stretched
Iberian Soul,alex,Rifler,1024x768,4:03,Stretched
Iberian Soul,stadodo,Sniper,1280x960,4:03,Stretched
Iberian Soul,mopoz,Rifler,1440x900,16:10,Stretched
Iberian Soul,dav1g,Rifler,1920x1080,16:09,Native
Iberian Soul,sausol,Rifler,1280x960,4:03,Stretched
Imperial fe,twenty3,Rifler,1280x960,4:03,Stretched
Imperial fe,ANa,Rifler,1280x960,4:03,Stretched
E-Xolos LAZER,danoco,Rifler,1280x960,4:03,Stretched
E-Xolos LAZER,tatazin,Rifler,1280x960,4:03,Stretched
Eruption,sk0R,Rifler,1280x1024,5:04,Stretched
Free Agent,snatchie,Sniper,1024x768,4:03,Stretched
Free Agent,Jonji,Rifler,1280x800,16:10,Black Bars
Free Agent,Rutk0,Rifler,1920x1080,16:09,Native
Free Agent,jmqa,Sniper,1920x1080,16:09,Native
Free Agent,hasteka,Rifler,1280x960,4:03,Stretched
Free Agent,SLOWLY,Rifler,1280x960,4:03,Stretched
Free Agent,sLowi,Sniper,1600x900,16:09,Native
Free Agent,Sico,Sniper,1024x768,4:03,Stretched
Free Agent,asran,Rifler,1280x960,4:03,Black Bars
Free Agent,OWNER,Rifler,1280x960,4:03,Stretched
Free Agent,amster,Rifler,1280x960,4:03,Stretched
Free Agent,DD,Rifler,1280x960,4:03,Stretched
Free Agent,maty,,1152x864,4:03,Stretched
Free Agent,wiz,Sniper,1280x960,4:03,Stretched
Free Agent,Nifty,Sniper,1280x960,4:03,Stretched
Free Agent,kressy,Rifler,,,
Free Agent,kinqie,Rifler,1920x1080,16:09,Native
Free Agent,Smithzz,Rifler,1024x768,4:03,Stretched
Free Agent,Raijin,Rifler,1920x1080,16:09,Native
Free Agent,JUGi,Rifler,1680x1050,16:10,Black Bars
Free Agent,kst,Rifler,1280x960,4:03,Stretched
Free Agent,ableJ,Rifler,1280x960,4:03,Stretched
Free Agent,poizon,Sniper,1024x768,4:03,Black Bars
Free Agent,leman,Rifler,1280x960,4:03,Stretched
Free Agent,jedqr,Rifler,,,
Free Agent,rox,Rifler,1024x768,4:03,Stretched
Free Agent,phaze,,1280x960,4:03,Stretched
Free Agent,DeathZz,Rifler,1440x1080,4:03,Black Bars
Free Agent,tenzki,Rifler,1280x960,4:03,Stretched
Free Agent,Furlan,Rifler,1440x1080,4:03,Stretched
Free Agent,PKL,Rifler,1152x864,4:03,Stretched
Free Agent,Miku,Rifler,1280x960,4:03,Stretched
Free Agent,HuNt3rz,Rifler,1280x960,4:03,Stretched
Free Agent,pHoonyJ,Rifler,1280x960,4:03,Stretched
Free Agent,aizy,Rifler,1024x768,4:03,Stretched
Free Agent,ROGA,Rifler,1280x960,4:03,Stretched
Free Agent,Sukker,Rifler,,,
Free Agent,zehN,Rifler,1280x960,4:03,Stretched
Free Agent,phr,Rifler,1280x1024,5:04,Black Bars
Free Agent,ottoNd,Sniper,1152x864,4:03,Stretched
Free Agent,Airax,Rifler,1280x1024,5:04,Stretched
Free Agent,Dimaoneshot,Rifler,1920x1080,16:09,Native
Free Agent,AJTT,Rifler,1152x864,4:03,Stretched
Free Agent,ANeraX,Rifler,1920x1080,16:09,Native
Free Agent,mertz,Rifler,1280x960,4:03,Stretched
Free Agent,joel,Sniper,1920x1080,16:09,Native
Free Agent,sense,Rifler,1280x960,4:03,Stretched
Free Agent,BøghmagiC,Sniper,1440x1080,4:03,Stretched
Free Agent,Xicoz,Rifler,1152x864,4:03,Stretched
Free Agent,kolor,Sniper,1280x960,4:03,Stretched
Free Agent,Goofy,Rifler,1920x1080,16:09,Native
Free Agent,Skejs,Rifler,1280x960,4:03,Stretched
Free Agent,keiz,Rifler,1024x768,4:03,Black Bars
Free Agent,xsepower,Sniper,1024x768,4:03,Black Bars
Free Agent,Hatz,Rifler,1024x768,4:03,Stretched
Free Agent,prt,Rifler,1280x960,4:03,Stretched
Free Agent,Sapec,Rifler,1280x960,4:03,Black Bars
Free Agent,lollipop21k,Rifler,1280x960,4:03,Stretched
Free Agent,es3tag,Sniper,1280x960,4:03,Stretched
Free Agent,supra,Rifler,1920x1080,16:09,Native
Free Agent,0SAMAS,Rifler,1280x960,4:03,Stretched
Free Agent,faveN,Rifler,1280x960,4:03,Stretched
Free Agent,poka,Rifler,1280x960,4:03,Stretched
Free Agent,fox,Sniper,1280x960,4:03,Stretched
Free Agent,farlig,Sniper,1280x960,4:03,Stretched
Free Agent,Python,Sniper,1440x1080,4:03,Stretched
Free Agent,nosraC,Rifler,1920x1080,16:09,Native
Free Agent,FASHR,Rifler,1440x1080,4:03,Stretched
Free Agent,tiziaN,Rifler,1280x960,4:03,Stretched
Free Agent,HS,Rifler,1600x900,16:09,Native
Free Agent,PANIX,Rifler,1280x960,4:03,Stretched
Free Agent,Blogg1s,Sniper,,,
Free Agent,M1key,Rifler,,,
Free Agent,floppy,Rifler,1920x1080,16:09,Native
Free Agent,nicoodoz,Sniper,1280x960,4:03,Stretched
Free Agent,JUST,Rifler,1024x768,4:03,Black Bars
Free Agent,cJ dA K1nG,Rifler,1024x768,4:03,Black Bars
Free Agent,Wolfy,Sniper,1280x960,4:03,Stretched
Free Agent,Jyo,Rifler,1440x1080,4:03,Stretched
Free Agent,synyx,Rifler,1280x960,4:03,Stretched
Free Agent,pr,,1280x960,4:03,Stretched
Free Agent,red,Rifler,1024x768,4:03,Stretched
Free Agent,tudsoN,Sniper,1280x960,4:03,Stretched
Free Agent,El1an,Sniper,1440x1080,4:03,Stretched
Free Agent,Brehze,Rifler,1024x768,4:03,Stretched
Free Agent,HooXi,Rifler,1280x768,16:10,Stretched
Free Agent,AmaNEk,Sniper,1440x1080,4:03,Stretched
Free Agent,DEPRESHN,Rifler,1280x960,4:03,Stretched
Free Agent,Svedjehed,Rifler,1280x960,4:03,Stretched
Free Agent,Robiin,Rifler,1152x864,4:03,Stretched
Free Agent,b0denmaster,Rifler,1280x1024,5:04,Black Bars
Free Agent,AMSALEM,Rifler,,,
Free Agent,siuhy,"Rifler, In-game Leader",1920x1080,16:09,Native
Free Agent,friberg,Rifler,1280x960,4:03,Stretched
Free Agent,s-chilla,Rifler,1280x960,4:03,Stretched
Free Agent,maxster,Rifler,1280x960,4:03,Stretched
Free Agent,mir,Rifler,1024x768,4:03,Stretched
Free Agent,Djoko,Rifler,1280x1024,5:04,Stretched
Free Agent,Kyojin,Rifler,1280x960,4:03,Stretched
Free Agent,syrsoN,Sniper,1280x960,4:03,Stretched
Free Agent,Stewie2k,Rifler,1024x768,4:03,Black Bars
Free Agent,fer,Rifler,1152x864,4:03,Stretched
Free Agent,skywhywalker,Rifler,1280x960,4:03,Stretched
Free Agent,Bymas,Rifler,1280x960,4:03,Stretched
Free Agent,Byali,Rifler,1440x1080,4:03,Stretched
Free Agent,flamie,Rifler,1280x960,4:03,Stretched
Free Agent,KWERTZZ,Rifler,1280x960,4:03,Stretched
Free Agent,shox,Rifler,1280x960,4:03,Stretched
Free Agent,misutaaa,Rifler,1280x960,4:03,Stretched
Free Agent,interz,Rifler,1920x1080,16:09,Native
Free Agent,shushan,Rifler,1280x960,4:03,Stretched
Free Agent,k0nfig,Rifler,1280x960,4:03,Black Bars
Free Agent,OKOLICIOUZ,Rifler,1024x768,4:03,Stretched
Content Creator,Gaules,Rifler,1280x960,4:03,Stretched
Content Creator,summit1g,Rifler,1680x1050,16:10,Stretched
Content Creator,FlipiN,Rifler,1024x768,4:03,Black Bars
Content Creator,Maikelele,Sniper,1280x960,4:03,Stretched
Content Creator,AdreN,Rifler,1440x1080,4:03,Stretched
Content Creator,Znorux,Rifler,1024x768,4:03,Black Bars
Content Creator,n0thing,Rifler,1920x1440,4:03,Stretched
Content Creator,Laski,Rifler,1024x768,4:03,Stretched
Content Creator,f0rest,Rifler,1920x1080,16:09,Native
Content Creator,Thour,,1440x1080,4:03,Stretched
Content Creator,ErycTriceps,,1280x960,4:03,Stretched
Content Creator,JASONR,Rifler,1920x1080,16:09,Native
Content Creator,hyper,Rifler,1920x1080,16:09,Stretched
Content Creator,v!NCHENSO7,,1440x1080,4:03,Stretched
Content Creator,GeT_RiGhT,Rifler,1680x1050,16:10,Stretched
Content Creator,brax,Rifler,1920x1080,16:09,Native
Content Creator,FURIOUSSS,Rifler,1280x1024,5:04,Stretched
Content Creator,fANDER,Rifler,1280x960,4:03,Stretched
Content Creator,ren,Rifler,1280x960,4:03,Stretched
Content Creator,pashaBiceps,Rifler,1280x960,4:03,Stretched
